"ID","Category","Word","Hint 1","Hint 2","Easy hint","Your feedback","Suggested word or hint"
"FOO-001","Comida","Feijoada","Sábado","Fumegante","Botequim","",""
"FOO-002","Comida","Pão de queijo","Bolinha","Forno","Padaria","",""
"FOO-003","Comida","Brigadeiro","Granulado","Festa","Aniversário","",""
"FOO-004","Comida","Coxinha","Fritura","Recheio","Lanchonete","",""
"FOO-005","Comida","Açaí","Polpa","Tigela","Academia","",""
"FOO-006","Comida","Farofa","Crocante","Punhado","Churrasqueira","",""
"FOO-007","Comida","Tapioca","Frigideira","Dobra","Barraquinha","",""
"FOO-008","Comida","Vatapá","Creme","Colher","Tabuleiro","",""
"FOO-009","Comida","Acarajé","Pimenta","Fritura","Tabuleiro","",""
"FOO-010","Comida","Moqueca","Panela","Coentro","Litoral","",""
"FOO-011","Comida","Churrasco","Espeto","Domingo","Quintal","",""
"FOO-012","Comida","Picanha","Gordura","Fatia","Rodízio","",""
"FOO-013","Comida","Pastel","Bolha","Retângulo","Feira","",""
"FOO-014","Comida","Empada","Forminha","Tampinha","Casamento","",""
"FOO-015","Comida","Esfiha","Triângulo","Bandeja","Entrega","",""
"FOO-016","Comida","Cuscuz","Vapor","Flocos","Manhã","",""
"FOO-017","Comida","Escondidinho","Camadas","Gratinar","Jantar","",""
"FOO-018","Comida","Strogonoff","Molho","Palha","Segunda","",""
"FOO-019","Comida","Lasanha","Andares","Assadeira","Almoço","",""
"FOO-020","Comida","Pizza","Rodela","Borda","Sexta","",""
"FOO-021","Comida","Hambúrguer","Empilhar","Guardanapo","Lanchonete","",""
"FOO-022","Comida","Cachorro-quente","Salsicha","Mostarda","Carrinho","",""
"FOO-023","Comida","Torrada","Manteiga","Estalo","Café","",""
"FOO-024","Comida","Requeijão","Pote","Espalhar","Bisnaga","",""
"FOO-025","Comida","Doce de leite","Caramelo","Colherada","Sobremesa","",""
"FOO-026","Comida","Beijinho","Cravo","Confeito","Festinha","",""
"FOO-027","Comida","Quindim","Gema","Brilhante","Confeitaria","",""
"FOO-028","Comida","Pudim","Calda","Tremer","Forma","",""
"FOO-029","Comida","Bolo de cenoura","Cobertura","Ralar","Lanche","",""
"FOO-030","Comida","Paçoca","Farelo","Fogueira","Festa junina","",""
"FOO-031","Comida","Pé de moleque","Quebrar","Grude","Junho","",""
"FOO-032","Comida","Cocada","Melado","Ralar","Ambulante","",""
"FOO-033","Comida","Goiabada","Barra","Cortar","Queijo","",""
"FOO-034","Comida","Rapadura","Bloco","Cana","Feirinha","",""
"FOO-035","Comida","Canjica","Fogueira","Canela","Panelão","",""
"FOO-036","Comida","Pamonha","Palha","Barbante","Espiga","",""
"FOO-037","Comida","Pipoca","Estouro","Sal","Cinema","",""
"FOO-038","Comida","Mandioca","Raiz","Casca","Palito","",""
"FOO-039","Comida","Batata frita","Palito","Óleo","Sachê","",""
"FOO-040","Comida","Arroz","Grão","Colher","Almoço","",""
"FOO-041","Comida","Feijão","Caldo","Concha","Prato fundo","",""
"FOO-042","Comida","Macarrão","Fio","Escorredor","Garfo","",""
"FOO-043","Comida","Frango assado","Osso","Barbante","Domingo","",""
"FOO-044","Comida","Carne de sol","Varal","Fibra","Sertão","",""
"FOO-045","Comida","Linguiça","Tripa","Rodela","Feira","",""
"FOO-046","Comida","Costela","Brasa","Paciência","Churrasqueira","",""
"FOO-047","Comida","Bife","Chapa","Ponto","Prato feito","",""
"FOO-048","Comida","Ovo frito","Estalo","Frigideira","Manhã","",""
"FOO-049","Comida","Omelete","Dobra","Batedor","Pressa","",""
"FOO-050","Comida","Salada","Folhas","Vinagre","Verão","",""
"FOO-051","Comida","Sopa","Fumaça","Concha","Inverno","",""
"FOO-052","Comida","Sanduíche","Camadas","Mordida","Viagem","",""
"FOO-053","Comida","Torta","Massa","Forma","Chá","",""
"FOO-054","Comida","Sonho","Açúcar","Creme","Confeitaria","",""
"FOO-055","Comida","Churros","Canudo","Canela","Calçadão","",""
"FOO-056","Comida","Sorvete","Casquinha","Derreter","Calor","",""
"FOO-057","Comida","Picolé","Palito","Gelo","Verão","",""
"FOO-058","Comida","Vitamina","Liquidificador","Espuma","Copo","",""
"FOO-059","Comida","Suco de laranja","Espremer","Polpa","Manhã","",""
"FOO-060","Comida","Guaraná","Gás","Latinha","Aniversário","",""
"FOO-061","Comida","Caipirinha","Socar","Gelo","Boteco","",""
"FOO-062","Comida","Cerveja","Espuma","Tulipa","Sexta","",""
"FOO-063","Comida","Cafezinho","Coador","Xícara","Expediente","",""
"FOO-064","Comida","Chimarrão","Cuia","Bomba","Roda","",""
"FOO-065","Comida","Leite condensado","Lata","Colher","Receita","",""
"FOO-066","Comida","Queijo coalho","Grelha","Espetinho","Barraca","",""
"FOO-067","Comida","Mortadela","Fatias","Mercadão","Lanche","",""
"FOO-068","Comida","Pão francês","Miolo","Sacola","Padaria","",""
"FOO-069","Comida","Geleia","Pote","Fruta","Manhã","",""
"FOO-070","Comida","Mel","Escorrer","Garganta","Colmeia","",""
"FOO-071","Comida","Chocolate","Barra","Tablete","Páscoa","",""
"FOO-072","Comida","Banana","Casca","Curva","Lancheira","",""
"FOO-073","Comida","Manga","Caroço","Fiapo","Quintal","",""
"FOO-074","Comida","Abacaxi","Coroa","Espinhos","Rodela","",""
"FOO-075","Comida","Maracujá","Sementes","Casca","Sono","",""
"FOO-076","Comida","Caju","Castanha","Talo","Suco","",""
"FOO-077","Comida","Goiaba","Miolo","Quintal","Compota","",""
"FOO-078","Comida","Melancia","Listras","Peso","Verão","",""
"FOO-079","Comida","Mamão","Sementes","Metade","Manhã","",""
"FOO-080","Comida","Limão","Espremer","Verde","Tempero","",""
"FOO-081","Comida","Uva","Cacho","Videira","Vinho","",""
"FOO-082","Comida","Morango","Sementinhas","Cabinho","Chantilly","",""
"FOO-083","Comida","Coco","Canudo","Casca dura","Areia","",""
"FOO-084","Comida","Amendoim","Vagem","Torrar","Cinema","",""
"FOO-085","Comida","Yakisoba","Legumes","Refogar","Shopping","",""
"FOO-086","Comida","Temaki","Cone","Alga","Salmão","",""
"FOO-087","Comida","Salgadinho","Pacote","Estalo","Recreio","",""
"FOO-088","Comida","Kibe","Trigo","Losango","Boteco","",""
"FOO-089","Comida","Mingau","Aveia","Panela","Bebê","",""
"FOO-090","Comida","Bolinho de chuva","Fritadeira","Canela","Vovó","",""
"FOO-091","Comida","Galinhada","Açafrão","Panelão","Interior","",""
"FOO-092","Comida","Polenta","Fubá","Bastão","Inverno","",""
"FOO-093","Comida","Feijão tropeiro","Farinha","Bacon","Estrada","",""
"FOO-094","Comida","Torresmo","Crocante","Estalo","Chope","",""
"FOO-095","Comida","Bolacha recheada","Torcer","Creme","Merenda","",""
"FOO-096","Comida","Pão de mel","Cobertura","Especiarias","Natal","",""
"FOO-097","Comida","Panetone","Caixa","Passas","Dezembro","",""
"FOO-098","Comida","Rabanada","Ensopar","Canela","Natal","",""
"FOO-099","Comida","Milho verde","Espiga","Manteiga","Fogueira","",""
"FOO-100","Comida","Mousse","Taça","Leve","Geladeira","",""
"ANI-001","Animais","Cachorro","Coleira","Latido","Passeio","",""
"ANI-002","Animais","Gato","Ronronar","Bigodes","Colo","",""
"ANI-003","Animais","Cavalo","Ferradura","Galope","Fazenda","",""
"ANI-004","Animais","Vaca","Chifre","Pasto","Curral","",""
"ANI-005","Animais","Porco","Lama","Focinho","Chiqueiro","",""
"ANI-006","Animais","Galinha","Penas","Ciscar","Quintal","",""
"ANI-007","Animais","Galo","Crista","Esporão","Amanhecer","",""
"ANI-008","Animais","Pato","Nadar","Bico chato","Lagoa","",""
"ANI-009","Animais","Peru","Papada","Ceia","Natal","",""
"ANI-010","Animais","Ovelha","Lã","Rebanho","Tosquia","",""
"ANI-011","Animais","Cabra","Barbicha","Encosta","Leite","",""
"ANI-012","Animais","Burro","Teimosia","Carroça","Roça","",""
"ANI-013","Animais","Coelho","Salto","Orelhas","Toca","",""
"ANI-014","Animais","Rato","Esgoto","Rabo","Armadilha","",""
"ANI-015","Animais","Morcego","Caverna","Asas","Noite","",""
"ANI-016","Animais","Macaco","Galho","Travessura","Zoológico","",""
"ANI-017","Animais","Onça","Pintas","Emboscada","Rastro","",""
"ANI-018","Animais","Capivara","Margem","Bando","Ciclovia","",""
"ANI-019","Animais","Tatu","Casco","Buraco","Sertão","",""
"ANI-020","Animais","Tamanduá","Língua","Focinho","Formigueiro","",""
"ANI-021","Animais","Preguiça","Lentidão","Garras","Galho","",""
"ANI-022","Animais","Arara","Bico","Casal","Bando","",""
"ANI-023","Animais","Tucano","Ninho","Fruta","Mata","",""
"ANI-024","Animais","Papagaio","Repetir","Poleiro","Pirata","",""
"ANI-025","Animais","Beija-flor","Zumbido","Néctar","Jardim","",""
"ANI-026","Animais","Coruja","Silêncio","Pescoço","Madrugada","",""
"ANI-027","Animais","Urubu","Círculos","Carniça","Poste","",""
"ANI-028","Animais","Sabiá","Canto","Ninho","Palmeira","",""
"ANI-029","Animais","Bem-te-vi","Grito","Telhado","Amanhecer","",""
"ANI-030","Animais","Pombo","Arrulho","Migalhas","Estátua","",""
"ANI-031","Animais","Jacaré","Mandíbula","Brejo","Dentes","",""
"ANI-032","Animais","Cobra","Veneno","Rastejar","Mato","",""
"ANI-033","Animais","Lagarto","Escamas","Muro","Sol","",""
"ANI-034","Animais","Sapo","Coaxar","Charco","Chuva","",""
"ANI-035","Animais","Tartaruga","Casco","Areia","Mergulho","",""
"ANI-036","Animais","Peixe","Cardume","Guelras","Aquário","",""
"ANI-037","Animais","Tubarão","Barbatana","Medo","Mar","",""
"ANI-038","Animais","Golfinho","Sonar","Salto","Baía","",""
"ANI-039","Animais","Baleia","Jato","Canção","Oceano","",""
"ANI-040","Animais","Polvo","Tentáculos","Tinta","Ventosa","",""
"ANI-041","Animais","Caranguejo","Pinça","Manguezal","Areia","",""
"ANI-042","Animais","Camarão","Antenas","Rede","Barco","",""
"ANI-043","Animais","Piranha","Dentes","Rio","Lenda","",""
"ANI-044","Animais","Pirarucu","Gigante","Rede","Amazonas","",""
"ANI-045","Animais","Boto","Lenda","Nadadeira","Rio","",""
"ANI-046","Animais","Formiga","Fileira","Carregar","Piquenique","",""
"ANI-047","Animais","Barata","Carapaça","Escuridão","Cozinha","",""
"ANI-048","Animais","Mosquito","Picada","Repelente","Ouvido","",""
"ANI-049","Animais","Aranha","Teia","Oito","Poeira","",""
"ANI-050","Animais","Borboleta","Asas","Casulo","Jardim","",""
"ANI-051","Animais","Vaga-lume","Brilho","Piscar","Sítio","",""
"ANI-052","Animais","Grilo","Perna","Estridente","Noite","",""
"ANI-053","Animais","Abelha","Ferrão","Pólen","Zumbido","",""
"ANI-054","Animais","Cupim","Madeira","Túnel","Fazenda","",""
"ANI-055","Animais","Minhoca","Terra","Anzol","Chuva","",""
"ANI-056","Animais","Caracol","Baba","Espiral","Horta","",""
"ANI-057","Animais","Lobo","Alcateia","Uivo","Lua","",""
"ANI-058","Animais","Raposa","Astúcia","Rabo","Fábula","",""
"ANI-059","Animais","Urso","Hibernar","Pelagem","Floresta","",""
"ANI-060","Animais","Leão","Juba","Rugido","Savana","",""
"ANI-061","Animais","Tigre","Listras","Salto","Selva","",""
"ANI-062","Animais","Elefante","Tromba","Presas","Memória","",""
"ANI-063","Animais","Girafa","Altura","Manchas","Folhas","",""
"ANI-064","Animais","Zebra","Listras","Manada","Safári","",""
"ANI-065","Animais","Hipopótamo","Bocarra","Barro","Manada","",""
"ANI-066","Animais","Rinoceronte","Couraça","Carga","Savana","",""
"ANI-067","Animais","Canguru","Bolsa","Pulo","Austrália","",""
"ANI-068","Animais","Panda","Bambu","Olheiras","Zoológico","",""
"ANI-069","Animais","Pinguim","Gelo","Barriga","Fila","",""
"ANI-070","Animais","Foca","Bola","Pedra","Gelo","",""
"ANI-071","Animais","Camelo","Corcova","Deserto","Caravana","",""
"ANI-072","Animais","Avestruz","Corrida","Cabeça","Areia","",""
"ANI-073","Animais","Águia","Vista","Penhasco","Garra","",""
"ANI-074","Animais","Falcão","Velocidade","Presa","Céu","",""
"ANI-075","Animais","Pavão","Leque","Vaidade","Cauda","",""
"ANI-076","Animais","Cisne","Elegância","Lago","Pescoço","",""
"ANI-077","Animais","Flamingo","Rosa","Equilíbrio","Lagoa","",""
"ANI-078","Animais","Cegonha","Bico","Chaminé","Bebê","",""
"ANI-079","Animais","Pintinho","Piado","Penugem","Chocadeira","",""
"ANI-080","Animais","Bode","Cheiro","Barba","Encosta","",""
"ANI-081","Animais","Mico","Rabinho","Bando","Parque","",""
"ANI-082","Animais","Quati","Anéis","Focinho","Trilha","",""
"ANI-083","Animais","Gambá","Fedor","Rabo peludo","Susto","",""
"ANI-084","Animais","Ouriço","Espinhos","Enrolar","Folhas","",""
"ANI-085","Animais","Esquilo","Bochechas","Estoque","Tronco","",""
"ANI-086","Animais","Cervo","Galhada","Bosque","Timidez","",""
"ANI-087","Animais","Anta","Sementes","Lama","Mata","",""
"ANI-088","Animais","Lobo-guará","Pernas","Solidão","Campo","",""
"ANI-089","Animais","Bicho-da-seda","Fio","Casulo","Tecido","",""
"ANI-090","Animais","Estrela-do-mar","Cinco","Maré","Piscina natural","",""
"ANI-091","Animais","Água-viva","Transparente","Queimadura","Mar","",""
"ANI-092","Animais","Bagre","Bigode","Lodo","Anzol","",""
"ANI-093","Animais","Arraia","Ferrão","Fundo","Areia","",""
"ANI-094","Animais","Jabuti","Casco","Passo","Quintal","",""
"ANI-095","Animais","Camaleão","Disfarce","Cores","Ramo","",""
"ANI-096","Animais","Escorpião","Pinças","Fenda","Alerta","",""
"ANI-097","Animais","Lagartixa","Parede","Teto","Luz","",""
"ANI-098","Animais","Pônei","Crina","Cercado","Aniversário","",""
"ANI-099","Animais","Marimbondo","Ferroada","Beiral","Correria","",""
"ANI-100","Animais","Sagui","Tufos","Fruta","Poste","",""
"PLA-001","Lugares","Praia","Onda","Guarda-sol","Protetor","",""
"PLA-002","Lugares","Cachoeira","Queda","Musgo","Trilha","",""
"PLA-003","Lugares","Serra","Neblina","Curvas","Estrada","",""
"PLA-004","Lugares","Montanha","Cume","Subida","Botas","",""
"PLA-005","Lugares","Vale","Ladeiras","Sombra","Névoa","",""
"PLA-006","Lugares","Ilha","Isolamento","Balsa","Barco","",""
"PLA-007","Lugares","Duna","Vento","Escorregar","Buggy","",""
"PLA-008","Lugares","Gruta","Escuridão","Eco","Lanterna","",""
"PLA-009","Lugares","Riacho","Correnteza","Pedrinhas","Pescaria","",""
"PLA-010","Lugares","Represa","Comporta","Turbina","Energia","",""
"PLA-011","Lugares","Pantanal","Charco","Imensidão","Cheia","",""
"PLA-012","Lugares","Caatinga","Seca","Galhos","Cactos","",""
"PLA-013","Lugares","Amazônia","Umidade","Copas","Canoa","",""
"PLA-014","Lugares","Orla","Calçada","Bicicleta","Coqueiros","",""
"PLA-015","Lugares","Píer","Tábuas","Barcos","Pescador","",""
"PLA-016","Lugares","Farol","Rochas","Navio","Feixe","",""
"PLA-017","Lugares","Porto","Contêiner","Guindaste","Carga","",""
"PLA-018","Lugares","Rodoviária","Malas","Espera","Poltrona","",""
"PLA-019","Lugares","Aeroporto","Esteira","Embarque","Passaporte","",""
"PLA-020","Lugares","Metrô","Vagão","Catraca","Túnel","",""
"PLA-021","Lugares","Ponto de ônibus","Abrigo","Placa","Cartão","",""
"PLA-022","Lugares","Ponte","Vão","Cabos","Travessia","",""
"PLA-023","Lugares","Viaduto","Concreto","Sombra","Trânsito","",""
"PLA-024","Lugares","Rodovia","Asfalto","Pedágio","Caminhões","",""
"PLA-025","Lugares","Estação","Plataforma","Apito","Bilhete","",""
"PLA-026","Lugares","Escola","Recreio","Uniforme","Merenda","",""
"PLA-027","Lugares","Universidade","Campus","Calouros","Bandejão","",""
"PLA-028","Lugares","Biblioteca","Silêncio","Fichas","Estantes","",""
"PLA-029","Lugares","Hospital","Corredor","Plantão","Soro","",""
"PLA-030","Lugares","Posto de saúde","Senha","Vacina","Cartaz","",""
"PLA-031","Lugares","Farmácia","Prateleiras","Balança","Receita","",""
"PLA-032","Lugares","Açougue","Balcão","Cutelo","Ganchos","",""
"PLA-033","Lugares","Mercearia","Fiado","Bairro","Freguês","",""
"PLA-034","Lugares","Supermercado","Carrinho","Corredores","Cupom","",""
"PLA-035","Lugares","Camelódromo","Barracas","Pechincha","Movimento","",""
"PLA-036","Lugares","Feira livre","Lona","Pregão","Sacolas","",""
"PLA-037","Lugares","Banca de jornal","Revistas","Esquina","Balas","",""
"PLA-038","Lugares","Barbearia","Navalha","Cadeira","Espelho","",""
"PLA-039","Lugares","Salão de beleza","Secador","Fofoca","Esmalte","",""
"PLA-040","Lugares","Igreja","Sinos","Vitral","Missa","",""
"PLA-041","Lugares","Cemitério","Lápides","Velas","Novembro","",""
"PLA-042","Lugares","Delegacia","Boletim","Grades","Depoimento","",""
"PLA-043","Lugares","Cartório","Carimbo","Reconhecer","Papelada","",""
"PLA-044","Lugares","Banco","Cofre","Extrato","Gerente","",""
"PLA-045","Lugares","Correios","Selos","Encomenda","Etiqueta","",""
"PLA-046","Lugares","Estádio","Arquibancada","Gramado","Torcida","",""
"PLA-047","Lugares","Ginásio","Quadra","Alambrado","Torneio","",""
"PLA-048","Lugares","Piscina","Cloro","Trampolim","Boia","",""
"PLA-049","Lugares","Vestiário","Armários","Chuveiro","Bancos","",""
"PLA-050","Lugares","Teatro","Cortina","Coxia","Aplausos","",""
"PLA-051","Lugares","Museu","Guia","Placas","Réplica","",""
"PLA-052","Lugares","Circo","Picadeiro","Trapézio","Algodão-doce","",""
"PLA-053","Lugares","Playground","Balanço","Gangorra","Joelho ralado","",""
"PLA-054","Lugares","Praça","Coreto","Chafariz","Domingo","",""
"PLA-055","Lugares","Mirante","Guarda-corpo","Binóculo","Foto","",""
"PLA-056","Lugares","Hotel","Recepção","Chave","Diária","",""
"PLA-057","Lugares","Pousada","Varanda","Rede","Sossego","",""
"PLA-058","Lugares","Camping","Barraca","Estacas","Fogueira","",""
"PLA-059","Lugares","Chácara","Pomar","Portão","Feriado","",""
"PLA-060","Lugares","Engenho","Moenda","Melaço","Alambique","",""
"PLA-061","Lugares","Celeiro","Fardos","Ratoeira","Colheita","",""
"PLA-062","Lugares","Estufa","Mudas","Vidro","Umidade","",""
"PLA-063","Lugares","Cerrado","Arbustos","Terra vermelha","Queimada","",""
"PLA-064","Lugares","Vulcão","Cratera","Lava","Cinzas","",""
"PLA-065","Lugares","Geleira","Rachadura","Iceberg","Casaco","",""
"PLA-066","Lugares","Oásis","Miragem","Água","Camelos","",""
"PLA-067","Lugares","Apartamento","Elevador","Vizinhos","Condomínio","",""
"PLA-068","Lugares","Casa","Aluguel","Mudança","Endereço","",""
"PLA-069","Lugares","Quarto","Cama","Bagunça","Despertador","",""
"PLA-070","Lugares","Sala","Sofá","Controle remoto","Visita","",""
"PLA-071","Lugares","Banheiro","Azulejo","Descarga","Toalha","",""
"PLA-072","Lugares","Garagem","Ferramentas","Manchas","Caixas","",""
"PLA-073","Lugares","Sótão","Baús","Teias","Lembranças","",""
"PLA-074","Lugares","Porão","Mofo","Degraus","Ratos","",""
"PLA-075","Lugares","Escritório","Baias","Reunião","Crachá","",""
"PLA-076","Lugares","Fábrica","Turnos","Galpão","Ruído","",""
"PLA-077","Lugares","Canteiro de obras","Capacete","Andaime","Cimento","",""
"PLA-078","Lugares","Oficina","Graxa","Chave inglesa","Pneu","",""
"PLA-079","Lugares","Posto de gasolina","Mangueira","Frentista","Conveniência","",""
"PLA-080","Lugares","Restaurante","Cardápio","Garçom","Conta","",""
"PLA-081","Lugares","Bar","Petiscos","Mesinhas","Sinuca","",""
"PLA-082","Lugares","Boate","Luzes","Batida","Madrugada","",""
"PLA-083","Lugares","Sambódromo","Desfile","Alegorias","Fevereiro","",""
"PLA-084","Lugares","Quiosque","Toldo","Cadeiras","Areia","",""
"PLA-085","Lugares","Terminal","Baldeação","Catracas","Multidão","",""
"PLA-086","Lugares","Presídio","Vigia","Pátio","Visitas","",""
"PLA-087","Lugares","Quartel","Alvorada","Marcha","Farda","",""
"PLA-088","Lugares","Creche","Berços","Choro","Fraldas","",""
"PLA-089","Lugares","Asilo","Bengalas","Rotina","Álbum","",""
"PLA-090","Lugares","Laboratório","Jaleco","Amostras","Microscópio","",""
"PLA-091","Lugares","Estúdio","Microfone","Cabine","Gravação","",""
"PLA-092","Lugares","Auditório","Palco","Fileiras","Palestra","",""
"PLA-093","Lugares","Galeria","Lojinhas","Centro","Teto baixo","",""
"PLA-094","Lugares","Mercado municipal","Bancas","Vitrais","Degustação","",""
"PLA-095","Lugares","Sorveteria","Potes","Sabores","Casquinha","",""
"PLA-096","Lugares","Livraria","Lançamentos","Marcadores","Café","",""
"PLA-097","Lugares","Papelaria","Cadernos","Canetas","Matrícula","",""
"PLA-098","Lugares","Pet shop","Banho","Tosa","Coleira","",""
"PLA-099","Lugares","Lavanderia","Máquinas","Sabão","Cabides","",""
"PLA-100","Lugares","Depósito","Empilhadeira","Poeira","Inventário","",""
"OBJ-001","Objetos do Dia a Dia","Chinelo","Dedo","Tira","Calor","",""
"OBJ-002","Objetos do Dia a Dia","Guarda-chuva","Cabo","Dobrar","Enxurrada","",""
"OBJ-003","Objetos do Dia a Dia","Chaveiro","Argola","Bolso","Porta","",""
"OBJ-004","Objetos do Dia a Dia","Carteira","Couro","Documentos","Assalto","",""
"OBJ-005","Objetos do Dia a Dia","Óculos","Armação","Lentes","Grau","",""
"OBJ-006","Objetos do Dia a Dia","Relógio","Ponteiros","Pulso","Atraso","",""
"OBJ-007","Objetos do Dia a Dia","Celular","Tela","Bateria","Notificação","",""
"OBJ-008","Objetos do Dia a Dia","Carregador","Tomada","Emaranhado","Viagem","",""
"OBJ-009","Objetos do Dia a Dia","Fone de ouvido","Almofadinha","Silêncio","Ônibus","",""
"OBJ-010","Objetos do Dia a Dia","Ventilador","Hélice","Barulho","Verão","",""
"OBJ-011","Objetos do Dia a Dia","Fogão","Boca","Chama","Panela","",""
"OBJ-012","Objetos do Dia a Dia","Micro-ondas","Giro","Aquecer","Sobras","",""
"OBJ-013","Objetos do Dia a Dia","Faca","Lâmina","Amolar","Corte","",""
"OBJ-014","Objetos do Dia a Dia","Caneca","Alça","Fundo","Trabalho","",""
"OBJ-015","Objetos do Dia a Dia","Garrafa térmica","Tampa","Vácuo","Piquenique","",""
"OBJ-016","Objetos do Dia a Dia","Abridor","Gargalo","Alavanca","Tampinha","",""
"OBJ-017","Objetos do Dia a Dia","Ralador","Furos","Atrito","Queijo","",""
"OBJ-018","Objetos do Dia a Dia","Tábua","Marcas","Apoio","Legumes","",""
"OBJ-019","Objetos do Dia a Dia","Pano de prato","Xadrez","Secar","Ombro","",""
"OBJ-020","Objetos do Dia a Dia","Esponja","Furinhos","Absorver","Pia","",""
"OBJ-021","Objetos do Dia a Dia","Vassoura","Cerdas","Canto","Varrer","",""
"OBJ-022","Objetos do Dia a Dia","Rodo","Empurrar","Enxugar","Piso","",""
"OBJ-023","Objetos do Dia a Dia","Balde","Litros","Transbordar","Faxina","",""
"OBJ-024","Objetos do Dia a Dia","Detergente","Bolhas","Louça","Frasco","",""
"OBJ-025","Objetos do Dia a Dia","Ferro de passar","Vapor","Vinco","Camisa","",""
"OBJ-026","Objetos do Dia a Dia","Aspirador","Sucção","Bocal","Farelo","",""
"OBJ-027","Objetos do Dia a Dia","Escova de dente","Copinho","Circular","Espuminha","",""
"OBJ-028","Objetos do Dia a Dia","Sabonete","Perfume","Escorregar","Pia","",""
"OBJ-029","Objetos do Dia a Dia","Xampu","Espuma","Cabelo","Chuveiro","",""
"OBJ-030","Objetos do Dia a Dia","Papel higiênico","Rolo","Acabar","Emergência","",""
"OBJ-031","Objetos do Dia a Dia","Pente","Risca","Nó","Cabeleireiro","",""
"OBJ-032","Objetos do Dia a Dia","Cortador de unha","Lixinha","Estalo","Higiene","",""
"OBJ-033","Objetos do Dia a Dia","Band-aid","Adesivo","Joelho","Sangue","",""
"OBJ-034","Objetos do Dia a Dia","Termômetro","Graus","Febre","Axila","",""
"OBJ-035","Objetos do Dia a Dia","Boné","Aba","Logo","Sol","",""
"OBJ-036","Objetos do Dia a Dia","Mochila","Alças","Costas","Livros","",""
"OBJ-037","Objetos do Dia a Dia","Guarda-roupa","Portas","Naftalina","Inverno","",""
"OBJ-038","Objetos do Dia a Dia","Gaveta","Trilho","Emperrar","Bagunça","",""
"OBJ-039","Objetos do Dia a Dia","Almofada","Enchimento","Amassar","Sofá","",""
"OBJ-040","Objetos do Dia a Dia","Travesseiro","Fronha","Amasso","Sono","",""
"OBJ-041","Objetos do Dia a Dia","Lençol","Elástico","Trocar","Varal","",""
"OBJ-042","Objetos do Dia a Dia","Cobertor","Frio","Enrolar","Julho","",""
"OBJ-043","Objetos do Dia a Dia","Colchão","Molas","Firmeza","Mudança","",""
"OBJ-044","Objetos do Dia a Dia","Tapete","Franjas","Pisar","Entrada","",""
"OBJ-045","Objetos do Dia a Dia","Abajur","Cúpula","Penumbra","Cabeceira","",""
"OBJ-046","Objetos do Dia a Dia","Lâmpada","Rosca","Queimar","Teto","",""
"OBJ-047","Objetos do Dia a Dia","Interruptor","Clique","Parede","Escuridão","",""
"OBJ-048","Objetos do Dia a Dia","Fechadura","Segredo","Girar","Porta","",""
"OBJ-049","Objetos do Dia a Dia","Campainha","Toque","Susto","Entregador","",""
"OBJ-050","Objetos do Dia a Dia","Escada","Ferrugem","Subir","Pintura","",""
"OBJ-051","Objetos do Dia a Dia","Martelo","Pancada","Polegar","Obra","",""
"OBJ-052","Objetos do Dia a Dia","Chave de fenda","Cruz","Parafuso","Montagem","",""
"OBJ-053","Objetos do Dia a Dia","Prego","Ponta","Parede","Quadro","",""
"OBJ-054","Objetos do Dia a Dia","Fita adesiva","Grudar","Emenda","Mudança","",""
"OBJ-055","Objetos do Dia a Dia","Cola","Tubo","Escolinha","Papel","",""
"OBJ-056","Objetos do Dia a Dia","Tesoura","Lâminas","Franja","Papel","",""
"OBJ-057","Objetos do Dia a Dia","Régua","Centímetros","Riscar","Prova","",""
"OBJ-058","Objetos do Dia a Dia","Lápis","Grafite","Apontar","Caderno","",""
"OBJ-059","Objetos do Dia a Dia","Caneta","Tinta","Vazamento","Bolso","",""
"OBJ-060","Objetos do Dia a Dia","Borracha","Farelinho","Apagar","Erro","",""
"OBJ-061","Objetos do Dia a Dia","Apontador","Espiral","Lixeira","Estojo","",""
"OBJ-062","Objetos do Dia a Dia","Grampeador","Pressão","Recarga","Relatório","",""
"OBJ-063","Objetos do Dia a Dia","Calculadora","Teclas","Visor","Prova","",""
"OBJ-064","Objetos do Dia a Dia","Agenda","Datas","Anotações","Compromissos","",""
"OBJ-065","Objetos do Dia a Dia","Dinheiro","Cédulas","Troco","Fila","",""
"OBJ-066","Objetos do Dia a Dia","Moeda","Cara coroa","Tilintar","Cofrinho","",""
"OBJ-067","Objetos do Dia a Dia","Isqueiro","Fagulha","Rodinha","Fogueira","",""
"OBJ-068","Objetos do Dia a Dia","Cadeado","Corrente","Arco","Portão","",""
"OBJ-069","Objetos do Dia a Dia","Corda","Fibras","Amarrar","Varal","",""
"OBJ-070","Objetos do Dia a Dia","Fita métrica","Números","Costura","Medida","",""
"OBJ-071","Objetos do Dia a Dia","Agulha","Linha","Espetar","Costura","",""
"OBJ-072","Objetos do Dia a Dia","Botão","Furo","Cair","Camisa","",""
"OBJ-073","Objetos do Dia a Dia","Zíper","Dentinhos","Puxador","Jaqueta","",""
"OBJ-074","Objetos do Dia a Dia","Cinto","Fivela","Apertar","Calça","",""
"OBJ-075","Objetos do Dia a Dia","Meia","Par","Sumir","Pé","",""
"OBJ-076","Objetos do Dia a Dia","Sapato","Cadarço","Sola","Engraxar","",""
"OBJ-077","Objetos do Dia a Dia","Rádio","Estática","Sintonia","Manhã","",""
"OBJ-078","Objetos do Dia a Dia","Televisão","Novela","Volume","Antena","",""
"OBJ-079","Objetos do Dia a Dia","Chaleira","Assobio","Fervura","Xícara","",""
"OBJ-080","Objetos do Dia a Dia","Peneira","Malha","Sacudir","Farinha","",""
"OBJ-081","Objetos do Dia a Dia","Espátula","Raspar","Nivelar","Reboco","",""
"OBJ-082","Objetos do Dia a Dia","Pegador","Pinça","Mola","Bandeja","",""
"OBJ-083","Objetos do Dia a Dia","Bacia","Plástico","Roupa","Tanque","",""
"OBJ-084","Objetos do Dia a Dia","Torneira","Pingo","Jato","Pia","",""
"OBJ-085","Objetos do Dia a Dia","Extensão","Fios","Tropeço","Obra","",""
"OBJ-086","Objetos do Dia a Dia","Vela","Pavio","Cera","Apagão","",""
"OBJ-087","Objetos do Dia a Dia","Fósforo","Risco","Cabecinha","Caixinha","",""
"OBJ-088","Objetos do Dia a Dia","Prato","Empilhar","Louça","Jantar","",""
"OBJ-089","Objetos do Dia a Dia","Talher","Aço","Conjunto","Mesa","",""
"OBJ-090","Objetos do Dia a Dia","Caixa de som","Grave","Vizinho","Festa","",""
"OBJ-091","Objetos do Dia a Dia","Câmera","Disparo","Foco","Lembrança","",""
"OBJ-092","Objetos do Dia a Dia","Carteira de motorista","Renovação","Multa","Blitz","",""
"OBJ-093","Objetos do Dia a Dia","Vaso","Barro","Regar","Varanda","",""
"OBJ-094","Objetos do Dia a Dia","Regador","Chuvinha","Encher","Planta","",""
"OBJ-095","Objetos do Dia a Dia","Chapéu","Proteção","Vento","Fazenda","",""
"OBJ-096","Objetos do Dia a Dia","Chupeta","Silicone","Choro","Berço","",""
"OBJ-097","Objetos do Dia a Dia","Fralda","Descartável","Troca","Madrugada","",""
"OBJ-098","Objetos do Dia a Dia","Mamadeira","Marcação","Esterilizar","Madrugada","",""
"OBJ-099","Objetos do Dia a Dia","Chocalho","Barulhinho","Punho","Bebê","",""
"OBJ-100","Objetos do Dia a Dia","Ímã","Atração","Norte","Geladeira","",""
"MOV-001","Cinema e TV","Cidade de Deus","Tiroteio","Fotografia","Rio","",""
"MOV-002","Cinema e TV","Tropa de Elite","Caveira","Interrogatório","Bordão","",""
"MOV-003","Cinema e TV","Central do Brasil","Carta","Viagem","Menino","",""
"MOV-004","Cinema e TV","Auto da Compadecida","Esperteza","Nordeste","Testamento","",""
"MOV-005","Cinema e TV","Minha Mãe é uma Peça","Peruca","Exagero","Comédia","",""
"MOV-006","Cinema e TV","Avenida Brasil","Lixão","Vingança","Novela","",""
"MOV-007","Cinema e TV","Roque Santeiro","Vila","Boato","Anos 80","",""
"MOV-008","Cinema e TV","Chaves","Barril","Vizinhança","Infância","",""
"MOV-009","Cinema e TV","Chapolin","Marreta","Antena","Coragem","",""
"MOV-010","Cinema e TV","Sítio do Picapau Amarelo","Boneca","Sabugo","Fantasia","",""
"MOV-011","Cinema e TV","Castelo Rá-Tim-Bum","Mágica","Escadaria","Infantil","",""
"MOV-012","Cinema e TV","Turma da Mônica","Coelhinho","Quadrinhos","Limoeiro","",""
"MOV-013","Cinema e TV","Os Trapalhões","Quarteto","Palhaçada","Domingo","",""
"MOV-014","Cinema e TV","A Grande Família","Sofá","Confusão","Subúrbio","",""
"MOV-015","Cinema e TV","Sai de Baixo","Gritaria","Bordões","Cunhado","",""
"MOV-016","Cinema e TV","Zorra Total","Esquetes","Personagens","Sábado","",""
"MOV-017","Cinema e TV","Big Brother Brasil","Paredão","Confinamento","Votação","",""
"MOV-018","Cinema e TV","Malhação","Adolescentes","Colégio","Temporada","",""
"MOV-019","Cinema e TV","Jornal Nacional","Bancada","Vinheta","Oito horas","",""
"MOV-020","Cinema e TV","Sessão da Tarde","Reprise","Férias","Lágrimas","",""
"MOV-021","Cinema e TV","Todo Mundo Odeia o Chris","Narração","Irmãos","Dublagem","",""
"MOV-022","Cinema e TV","Dragon Ball","Esferas","Transformação","Grito","",""
"MOV-023","Cinema e TV","Cavaleiros do Zodíaco","Armaduras","Constelações","Anos 90","",""
"MOV-024","Cinema e TV","Pokémon","Captura","Evolução","Desenho","",""
"MOV-025","Cinema e TV","Naruto","Ninja","Determinação","Corrida","",""
"MOV-026","Cinema e TV","Os Simpsons","Desenho","Cidadezinha","Abertura","",""
"MOV-027","Cinema e TV","Friends","Cafeteria","Grupo","Nova York","",""
"MOV-028","Cinema e TV","La Casa de Papel","Máscara","Macacão","Espanha","",""
"MOV-029","Cinema e TV","Round 6","Dívidas","Eliminação","Verde","",""
"MOV-030","Cinema e TV","Stranger Things","Bicicletas","Mundo invertido","Criançada","",""
"MOV-031","Cinema e TV","Game of Thrones","Trono","Dragões","Inverno","",""
"MOV-032","Cinema e TV","Breaking Bad","Química","Motorhome","Deserto","",""
"MOV-033","Cinema e TV","Titanic","Naufrágio","Colar","Orquestra","",""
"MOV-034","Cinema e TV","Vingadores","Equipe","Batalha","Cinema","",""
"MOV-035","Cinema e TV","Harry Potter","Varinha","Internato","Cicatriz","",""
"MOV-036","Cinema e TV","Senhor dos Anéis","Jornada","Amizade","Trilogia","",""
"MOV-037","Cinema e TV","Star Wars","Espadas","Galáxia","Sabre","",""
"MOV-038","Cinema e TV","Toy Story","Brinquedos","Ciúme","Xerife","",""
"MOV-039","Cinema e TV","Rei Leão","Herança","Manada","Amanhecer","",""
"MOV-040","Cinema e TV","Frozen","Neve","Irmãs","Castelo","",""
"MOV-041","Cinema e TV","Shrek","Pântano","Ogro","Cebola","",""
"MOV-042","Cinema e TV","Velozes e Furiosos","Carros","Família","Corridas","",""
"MOV-043","Cinema e TV","Jurassic Park","Dinossauros","Cerca elétrica","Âmbar","",""
"MOV-044","Cinema e TV","Matrix","Escolha","Códigos","Pílula","",""
"MOV-045","Cinema e TV","Bacurau","Vilarejo","Sumiço","Mapa","",""
"MOV-046","Cinema e TV","Vale Tudo","Vilã","Remake","Pergunta","",""
"MOV-047","Cinema e TV","Dois Filhos de Francisco","Sanfona","Dupla","Interior","",""
"MOV-048","Cinema e TV","Meu Malvado Favorito","Minions","Vilão","Adoção","",""
"MOV-049","Cinema e TV","Procurando Nemo","Recife","Corrente","Pai","",""
"MOV-050","Cinema e TV","Divertidamente","Emoções","Memórias","Cabeça","",""
"FUT-001","Futebol","Flamengo","Rubro-negro","Nação","Gávea","",""
"FUT-002","Futebol","Corinthians","Fiel","Paulista","Invasão","",""
"FUT-003","Futebol","Palmeiras","Alviverde","Verdão","Allianz","",""
"FUT-004","Futebol","São Paulo","Tricolor","Morumbi","Soberano","",""
"FUT-005","Futebol","Santos","Alvinegro","Praiano","Litoral","",""
"FUT-006","Futebol","Vasco","Cruzmaltino","São Januário","Gigante","",""
"FUT-007","Futebol","Botafogo","Estrela","Glorioso","Nilton Santos","",""
"FUT-008","Futebol","Fluminense","Grená","Laranjeiras","Guerreiros","",""
"FUT-009","Futebol","Grêmio","Imortal","Arena","Tricolor gaúcho","",""
"FUT-010","Futebol","Internacional","Colorado","Beira-Rio","Saci","",""
"FUT-011","Futebol","Cruzeiro","Celeste","Mineirão","Estrelas","",""
"FUT-012","Futebol","Atlético Mineiro","Massa","Arena MRV","Alvinegro","",""
"FUT-013","Futebol","Pelé","Rei","Mil gols","Camisa dez","",""
"FUT-014","Futebol","Garrincha","Pernas tortas","Alegria","Drible","",""
"FUT-015","Futebol","Zico","Falta","Galinho","Anos 80","",""
"FUT-016","Futebol","Romário","Baixinho","Área","Frieza","",""
"FUT-017","Futebol","Ronaldo","Fenômeno","Joelhos","Artilheiro","",""
"FUT-018","Futebol","Ronaldinho","Sorriso","Magia","Barcelona","",""
"FUT-019","Futebol","Rivaldo","Canhota","Perna","Voleio","",""
"FUT-020","Futebol","Bebeto","Comemoração","Ninar","Copa","",""
"FUT-021","Futebol","Cafu","Lateral","Capitão","Bicampeão","",""
"FUT-022","Futebol","Roberto Carlos","Foguete","Cobrança","Curva","",""
"FUT-023","Futebol","Taffarel","Luvas","Pênalti","Defesa","",""
"FUT-024","Futebol","Sócrates","Calcanhar","Doutor","Democracia","",""
"FUT-025","Futebol","Kaká","Passada","Fé","Milan","",""
"FUT-026","Futebol","Neymar","Ousadia","Moicano","Cavadinha","",""
"FUT-027","Futebol","Vinícius Júnior","Velocidade","Dança","Madrid","",""
"FUT-028","Futebol","Rodrygo","Juventude","Chute","Prorrogação","",""
"FUT-029","Futebol","Marta","Rainha","Seis","Feminino","",""
"FUT-030","Futebol","Alisson","Reflexo","Braços","Liverpool","",""
"FUT-031","Futebol","Ederson","Lançamento","Precisão","Manchester","",""
"FUT-032","Futebol","Casemiro","Desarme","Proteção","Volante","",""
"FUT-033","Futebol","Thiago Silva","Monstro","Antecipação","Zaga","",""
"FUT-034","Futebol","Marcelo","Canhoto","Ala","Cachos","",""
"FUT-035","Futebol","Adriano","Imperador","Força","Inter","",""
"FUT-036","Futebol","Rivelino","Bigode","Setenta","Camisa","",""
"FUT-037","Futebol","Jairzinho","Furacão","Gols seguidos","México","",""
"FUT-038","Futebol","Carlos Alberto","Braçadeira","Arrancada","Azteca","",""
"FUT-039","Futebol","Tostão","Parceria","Visão","Colunista","",""
"FUT-040","Futebol","Zagallo","Superstição","Treze","Tetra","",""
"FUT-041","Futebol","Dunga","Liderança","Marcação","Pasadena","",""
"FUT-042","Futebol","Tite","Comissão","Esquema","Bancada","",""
"FUT-043","Futebol","Raí","Passe","Título","Paris","",""
"FUT-044","Futebol","Brasileirão","Pontos","Turno","Rodada","",""
"FUT-045","Futebol","Libertadores","Continente","Obsessão","Taça","",""
"FUT-046","Futebol","Copa do Mundo","Convocação","Figurinhas","Junho","",""
"FUT-047","Futebol","Maracanã","Reforma","Anel","Final","",""
"FUT-048","Futebol","Seleção","Hino","Torcedores","Amarelo","",""
"FUT-049","Futebol","Pelada","Campinho","Descalço","Domingo","",""
"FUT-050","Futebol","Gol de placa","Beleza","Repetição","Narração","",""
"HER-001","Super-Heróis","Homem-Aranha","Teia","Adolescente","Nova York","",""
"HER-002","Super-Heróis","Homem de Ferro","Armadura","Reator","Bilionário","",""
"HER-003","Super-Heróis","Hulk","Fúria","Cientista","Calça rasgada","",""
"HER-004","Super-Heróis","Thor","Trovão","Asgard","Coroa","",""
"HER-005","Super-Heróis","Capitão América","Escudo","Anos 40","Soro","",""
"HER-006","Super-Heróis","Viúva Negra","Espionagem","Acrobacia","Vermelho","",""
"HER-007","Super-Heróis","Gavião Arqueiro","Flecha","Pontaria","Aljava","",""
"HER-008","Super-Heróis","Pantera Negra","Vibranium","Wakanda","Garras","",""
"HER-009","Super-Heróis","Doutor Estranho","Feitiço","Portal","Capa","",""
"HER-010","Super-Heróis","Feiticeira Escarlate","Realidade","Gêmeos","Caos","",""
"HER-011","Super-Heróis","Homem-Formiga","Encolher","Tamanho","Reino quântico","",""
"HER-012","Super-Heróis","Capitã Marvel","Voo","Piloto","Cosmos","",""
"HER-013","Super-Heróis","Wolverine","Garras","Regeneração","Charuto","",""
"HER-014","Super-Heróis","Ciclope","Rajada","Viseira","Liderança","",""
"HER-015","Super-Heróis","Tempestade","Raios","Clima","Cabelos brancos","",""
"HER-016","Super-Heróis","Fera","Pelos","Erudito","Azul","",""
"HER-017","Super-Heróis","Noturno","Teleporte","Fumaça","Cauda","",""
"HER-018","Super-Heróis","Vampira","Luvas","Mecha branca","Solidão","",""
"HER-019","Super-Heróis","Magneto","Metal","Capacete","Passado","",""
"HER-020","Super-Heróis","Professor Xavier","Telepatia","Mansão","Careca","",""
"HER-021","Super-Heróis","Batman","Gótica","Mordomo","Morcegos","",""
"HER-022","Super-Heróis","Superman","Kriptonita","Jornalista","Fazenda","",""
"HER-023","Super-Heróis","Mulher-Maravilha","Laço","Amazona","Bracelete","",""
"HER-024","Super-Heróis","Flash","Rapidez","Zunido","Relâmpago","",""
"HER-025","Super-Heróis","Aquaman","Tridente","Guelras","Atlântida","",""
"HER-026","Super-Heróis","Lanterna Verde","Anel","Vontade","Juramento","",""
"HER-027","Super-Heróis","Arqueiro Verde","Capuz","Alvo","Barba","",""
"HER-028","Super-Heróis","Robin","Aprendiz","Acrobata","Sombra","",""
"HER-029","Super-Heróis","Coringa","Gargalhada","Baralho","Maquiagem","",""
"HER-030","Super-Heróis","Duende Verde","Planador","Abóbora","Loucura","",""
"HER-031","Super-Heróis","Thanos","Manopla","Equilíbrio","Metade","",""
"HER-032","Super-Heróis","Loki","Trapaça","Cetro","Irmão","",""
"HER-033","Super-Heróis","Venom","Simbionte","Gosma","Hospedeiro","",""
"HER-034","Super-Heróis","Deadpool","Piadas","Quarta parede","Katanas","",""
"HER-035","Super-Heróis","Demolidor","Cegueira","Audição","Advogado","",""
"HER-036","Super-Heróis","Justiceiro","Caveira","Colete","Vingança","",""
"HER-037","Super-Heróis","Motoqueiro Fantasma","Crânio","Chamas","Pacto","",""
"HER-038","Super-Heróis","Ciborgue","Implantes","Metal","Titãs","",""
"HER-039","Super-Heróis","Ravena","Sombras","Contenção","Corvo","",""
"HER-040","Super-Heróis","Estelar","Explosões","Alienígena","Ruiva","",""
"HER-041","Super-Heróis","Mercúrio","Instante","Gêmea","Prata","",""
"HER-042","Super-Heróis","Tocha Humana","Voar","Fogo","Impulso","",""
"HER-043","Super-Heróis","Coisa","Rochas","Laranja","Bordão","",""
"HER-044","Super-Heróis","Mulher Invisível","Transparência","Barreira","Irmã","",""
"HER-045","Super-Heróis","Senhor Fantástico","Elasticidade","Ciência","Esticar","",""
"HER-046","Super-Heróis","Shazam","Palavra","Criança","Trovoada","",""
"HER-047","Super-Heróis","Batgirl","Computador","Manto","Gótica","",""
"HER-048","Super-Heróis","Mulher-Gato","Chicote","Joias","Telhados","",""
"HER-049","Super-Heróis","Homem de Gelo","Congelar","Rampa","Neve","",""
"HER-050","Super-Heróis","Jean Grey","Fênix","Telecinese","Renascer","",""
